id,number,title,difficulty,category,exp,status,priority,answer
Q12,12,入门级js,非常简单,js加密,70,已完成,1,26542256
Q13,13,入门级cookie,非常简单,js加密,70,已完成,2,25438843
Q17,17,天杀的Http2.0,非常简单,骚操作,70,已完成,3,27451582
Q19,19,乌拉乌拉乌拉,非常简单,null,81,阻塞中,4,TLS指纹验证
Q04,4,雪碧图、样式干扰,简单,css加密,107,未开始,5,CSS图片解析
Q15,15,备周则意怠-常见则不疑,简单,骚操作,95,已完成,6,24736117
Q16,16,js逆向 - window蜜罐,简单,null,95,未开始,7,webpack混淆
Q08,8,验证码 - 图文点选,简单,验证码,107,未开始,8,需要图像识别
Q05,5,js 混淆 - 乱码增强,中等,js加密,156,未开始,9,复杂混淆
Q06,6,js 混淆 - 回溯,中等,js加密,156,未开始,10,
Q07,7,动态字体，随风漂移,中等,css加密,137,未开始,11,
Q09,9,js 混淆 - 动态cookie 2,中等,js加密,176,未开始,12,
Q21,21,守心 - 简单的指令,中等,js加密,200,未开始,13,
Q20,20,2022新年挑战,中等,骚操作,300,未开始,14,
Q14,14,备而后动-勿使有变,中等,js加密,500,未开始,15,
Q11,11,一叶障目 - 控制台检测,困难,骚操作,350,未开始,16,
Q18,18,jsvmp - 洞察先机,困难,js加密,500,未开始,17,
Q10,10,js 混淆 - 重放攻击对抗,困难,js加密,1000,未开始,18,
Q23,23,js加密 - 感知 - 加强ob壳混淆,中等,js加密,107,已完成,0,23189335
